bicykly-cz,http://bicykly.cz,http://bicykly.cz/xml_gener.xml
cyklo-biker-cz,http://cyklo-biker.cz,http://cyklo-biker.cz/fotky9548/xml/heureka_cz.xml
cyklo-komponenty-cz,http://www.cyklo-komponenty.cz,http://www.cyklo-komponenty.cz/export/heureka.xml
cyklo-market-cz,http://www.cyklo-market.cz,http://www.cyklo-market.cz/heureka.xml
cykloadam-cz,http://www.cykloadam.cz,http://www.cykloadam.cz/zbozi.xml
cyklocentrum-cz,http://www.cyklocentrum.cz,http://www.cyklocentrum.cz/heureka.xml
cyklomania-cz,http://www.cyklomania.cz,http://www.cyklomania.cz/zbozi.xml
cyklomaniak-cz,http://www.cyklomaniak.cz,http://www.cyklomaniak.cz/heureka.xml
cyklonemcik-cz,http://cyklonemcik.cz,http://cyklonemcik.cz/zbozi.xml
cykloprofi-cz,http://www.cykloprofi.cz,http://www.cykloprofi.cz/heureka.xml
cykloseky-cz,http://www.cykloseky.cz,http://www.cykloseky.cz/fotky38771/xml/heureka_cz.xml
cyklosen-cz,http://cyklosen.cz,http://cyklosen.cz/heureka.xml
cyklosportkvapil-cz,http://www.cyklosportkvapil.cz,http://www.cyklosportkvapil.cz/fotky6857/xml/heureka_cz.xml
cyklosportm-cz,http://cyklosportm.cz,http://cyklosportm.cz/fotky6857/xml/heureka_cz.xml
cyklovape-cz,http://www.cyklovape.cz,http://www.cyklovape.cz/heureka.xml
cyklovybava-cz,http://cyklovybava.cz,http://cyklovybava.cz/xml/heureka.xml
cyklonovak-cz,http://cyklonovak.cz/eshop/,http://cyklonovak.cz/eshop/heureka.php
kola-cyklo-cz,http://kola-cyklo.cz,http://kola-cyklo.cz/zbozi.xml
outdoor-cyklo-sport-cz,http://www.outdoor-cyklo-sport.cz,http://www.outdoor-cyklo-sport.cz/export/heureka.xml
